,loc_str,Long,Lat
0,Manuelita Cocos Island COSTA RICA,5.5313198,-87.0961449
1,"Stillwater Cove, Monterey County California USA",36.5639138,-121.9445819
2,"Floridana Beach, Brevard County Florida USA",27.9448942,-80.505628
3,Avoca Beach New South Wales AUSTRALIA,-33.4705196,151.4107836
4,Guardalavaca Beach Holquin Province CUBA,21.1162344,-75.879118
5,Magnetic Island Queensland AUSTRALIA,-19.1421512,146.7963652
6,Birubi Point New South Wales AUSTRALIA,-32.7884083,152.0715595
7,"White Plains Beach, Oahu Hawaii USA",21.3030285,-158.0468662
8,Le Goulet Pamplemousses  MAURITIUS,-20.1044023,57.5155488
9,"Juno Beach, Palm Beach County Florida USA",26.875057,-80.0751825
10,"Ocean Reef Park, Singer Island, Palm Beach County Florida USA",26.7937693,-80.0350718
11,Normanville South Australia AUSTRALIA,-35.4649901,138.2690643
12,"Lantana Beach, Palm Beach County Florida USA",26.5827809,-80.0698786
13,"Davidsons Beach, Kekaha, Kauai Hawaii USA",21.9641661,-159.7176437
14,"Kama‘ole Beach Park, Maui  Hawaii USA",20.7128808,-156.4482654
15,Dyer Island Western Cape Province SOUTH AFRICA,-34.6827695,19.4134289
16,"Hanna Park, Jacksonville, Duval County Florida USA",30.3709252,-81.4089605
17,Gracetown Western Australia AUSTRALIA,-33.8690139,114.936154
18,Rockaway New York USA,40.5867238,-73.8202541
19,Fort Worth Florida USA,26.6202702,-80.0937282
20,Palm Beach County Florida USA,26.6455749,-80.7104686
21,Gran Canaria  Canary Islands SPAIN,27.957502,-15.8766352
22,"Ponce Inlet, Volusia County Florida USA",29.1029784,-80.9633912
23,Hawston Western Cape Province SOUTH AFRICA,-34.3862513,19.1225144
24,Nofoali’i  Upolu Island SAMOA,-34.3862513,19.1225144
25,Esperance Westerm Australia AUSTRALIA,-33.8612197,121.8829606
26,Sam's Creek area Westerm Australia AUSTRALIA,-20.6223242,117.1814911
27,Iluka Beach New South Wales AUSTRALIA,-29.4102989,153.3489344
28,Iwata City Shizuoka Prefecture JAPAN,34.7682772,137.7099813
29,"Marathon, Monroe County Florida USA",24.7328733,-81.0946389
30,"South Padre Island, Cameron County Texas USA",26.1127217,-97.2030206
31,"New Smyrna Beach, Volusia County Florida USA",29.0295263,-81.0249492
32,Cathedral Rock Victoria AUSTRALIA,29.0295263,-81.0249492
33,Bathtub Beach  Florida USA,27.1863376,-80.1625477
34,Grao de Moncofa Castellón SPAIN,39.7998241,-0.149381
35,Off Tutukaka North Island NEW ZEALAND,39.7998241,-0.149381
36,"Marconi Beach, Wellfleet, Barnstable County Massachusetts USA",39.7998241,-0.149381
37,"Sea Pines Resort, Hilton Head Island, Beaufort County South Carolina USA",39.7998241,-0.149381
38,Marsa Ghalib Red Sea Protectorate EGYPT,39.7998241,-0.149381
39,"Menauhant Beach, Falmouth,
Barnstable County Massachusetts USA",39.7998241,-0.149381
40,"Between Pescadero Point & Bean Hollow Beach, San Mateo County California USA",39.7998241,-0.149381
41,"Hilton Head Island, Beaufort County South Carolina USA",39.7998241,-0.149381
42,"DeBordieu Colony, Georgetown County South Carolina USA",39.7998241,-0.149381
43,Rose Island New Providence District BAHAMAS,25.1053061,-77.2357128
44,"English Bay Ascension Island ST HELENA, British overseas territory",-7.9412278,-14.4280779
45,Ventnor New Jersey USA,-7.9412278,-14.4280779
46,"Estanys Beach, Colonia de Sant Majorca SPAIN",-7.9412278,-14.4280779
47,"Snipes Point, Monroe County Florida USA",-7.9412278,-14.4280779
48,"Stearns Wharf, Santa Barbara California USA",-7.9412278,-14.4280779
49,"Seal Rock, Goleta Beach, Santa Barbara California USA",-7.9412278,-14.4280779
50,"South Beach, Westport, Grays Harbor County Washington USA",-7.9412278,-14.4280779
51,"Santa Cruz, Santa Cruz County California USA",-7.9412278,-14.4280779
52,"Haulover Beach, Miami-Dade County Florida USA",-7.9412278,-14.4280779
53,"Sánchez Magallanes, Cárdenas Tabasco MEXICO",39.3406926,-74.5000456
54,"Nahoon Reef, East London Eastern Cape Province SOUTH AFRICA",-32.9965532,27.9475273
55,Moya Anjouan COMOROS,-12.3090497,44.4315594
56,Wrightsville Beach South Carolina USA,34.206923,-77.8161988
57,Hilton Head South Carolina USA,32.1834116,-80.8874831
58,"Singer Island, Palm Beach County Florida USA",26.7850618,-80.0462956
59,Playa d’en Bossa Ibiza Island SPAIN,38.8857266,1.4026345
60,"Point Casuarina, Bunbury Western Australia AUSTRALIA",38.8857266,1.4026345
61,"Flinders, Mornington Penisula Victoria AUSTRALIA",38.8857266,1.4026345
62,Bantham Beach South Devon UNITED KINGDOM,38.8857266,1.4026345
63,"Middle Sambo Reef off Boca Chica, Monroe County Florida USA",38.8857266,1.4026345
64,Athol Island New Providence  BAHAMAS,38.8857266,1.4026345
65,"Awendaw, Charleston County South Carolina USA",38.8857266,1.4026345
66,Off Jupiter Florida USA,38.8857266,1.4026345
67,Evans Head New South Wales AUSTRALIA,38.8857266,1.4026345
68,"Khor Fakkan Sharjah,  UNITED ARAB EMIRATES",38.8857266,1.4026345
69,Weipa Queensland AUSTRALIA,38.8857266,1.4026345
70,"Los Arbolitos, Cabo Pulmo Baja California Sur MEXICO",38.8857266,1.4026345
71,"Sunset Beach, Orange County California USA",38.8857266,1.4026345
72,"San Onofre, San Diego County  California USA",38.8857266,1.4026345
73,"Keurbooms, Plettenberg Bay Western Cape Province SOUTH AFRICA",38.8857266,1.4026345
74,"Folly Beach, Charleston County South Carolina USA",38.8857266,1.4026345
75,Pointe au Sal Saint-Leu REUNION,38.8857266,1.4026345
76,"Porpoise Bay, Catlins South Island NEW ZEALAND",38.8857266,1.4026345
77,Georgetown County South Carolina USA,38.8857266,1.4026345
78,"Daytona Beach, Volusia County Florida USA",38.8857266,1.4026345
79,Kelpies near Wylie Bay Western Australia AUSTRALIA,38.8857266,1.4026345
80,"Kekaha Beach, Kauai Hawaii USA",38.8857266,1.4026345
81,St. Augustine Florida USA,38.8857266,1.4026345
82,Protea Banks KwaZulu-Natal SOUTH AFRICA,38.8857266,1.4026345
83,"Ormond Beach, Volusia County Florida USA",38.8857266,1.4026345
84,"Melbourne Beach, Brevard County Florida USA",38.8857266,1.4026345
85,"Daytona, Volusia County Florida USA",38.8857266,1.4026345
86,Moreton Bay Queensland AUSTRALIA,38.8857266,1.4026345
87,"Destin, Okaloosa County Florida USA",38.8857266,1.4026345
88,The Farm New South Wales AUSTRALIA,38.8857266,1.4026345
89,Monterey Bay California USA,38.8857266,1.4026345
90,Mauds Point Western Australia AUSTRALIA,38.8857266,1.4026345
91,"Falcon Bay Beach, Mandurah Western Australia AUSTRALIA",38.8857266,1.4026345
92,Eva Rock Queensland AUSTRALIA,38.8857266,1.4026345
93,Fernando de Noronha Marine Park Pernambuco BRAZIL,38.8857266,1.4026345
94,Eastmoor Crescent Beach KwaZulu-Natal SOUTH AFRICA,38.8857266,1.4026345
95,16 miles off Hilton Head South Carolina USA,38.8857266,1.4026345
96,"Vero Beach, Indian River County Florida USA",38.8857266,1.4026345
97,"Boot Reef, Torres Strait Queensland AUSTRALIA",38.8857266,1.4026345
98,Clairview Queensland AUSTRALIA,38.8857266,1.4026345
99,Jensen Beach Florida USA,38.8857266,1.4026345
100,Balian Beach Bali INDONESIA,38.8857266,1.4026345
101,"Blockhouse Beach, Brevard County Florida USA",38.8857266,1.4026345
102,Merimbula New South Wales AUSTRALIA,38.8857266,1.4026345
103,"Avalon State Park Beach, North Hutchinson Island, St Lucie County Florida USA",38.8857266,1.4026345
104,"Bundegi Sanctuary Zone, Ningaloo Western Australia AUSTRALIA",38.8857266,1.4026345
105,"Keurbooms Lagoon, Plettenberg Bay Western Cape Province SOUTH AFRICA",38.8857266,1.4026345
106,Trigg Beach Western Australia AUSTRALIA,38.8857266,1.4026345
107,Booti Booti National Park New South Wales AUSTRALIA,38.8857266,1.4026345
108,Queenscliff Victoria AUSTRALIA,38.8857266,1.4026345
109,"Kamaole Beach Park I, Maui Hawaii USA",38.8857266,1.4026345
110,"Mayport Naval Station Beach, Duval County Florida USA",38.8857266,1.4026345
111,Mayport Naval Station  Duval County Florida USA,38.8857266,1.4026345
112,Broken Head Beach New South Wales AUSTRALIA,38.8857266,1.4026345
113,"Hooipa Beach Park, Maui Hawaii USA",38.8857266,1.4026345
114,"Kings Beach, Caloundra Queensland AUSTRALIA",38.8857266,1.4026345
115,"Charlie Young Beach, Kihei, Maui Hawaii USA",38.8857266,1.4026345
116,"Sharpes Beach, Ballina New South Wales AUSTRALIA",38.8857266,1.4026345
117,"Indian Beach, Ecola State Park, Clatsop County Oregon USA",38.8857266,1.4026345
118,"Lighthouse Beach, Ballina New South Wales AUSTRALIA",38.8857266,1.4026345
119,"Bunkers, Humboldt Bay, Eureka, Humboldt County California USA",38.8857266,1.4026345
120,Thirteenth Beach Victoria AUSTRALIA,38.8857266,1.4026345
121,Bells Beach Victoria AUSTRALIA,38.8857266,1.4026345
122,Bunbury Western Australia AUSTRALIA,38.8857266,1.4026345
123,"Ponte Vedra, St. Johns County Florida USA",38.8857266,1.4026345
124,"Makaha, Oahu Hawaii USA",38.8857266,1.4026345
125,Koumac North Province NEW CALEDONIA,38.8857266,1.4026345
126,"Kingston Plantation, Myrtle Beach, Horry County South Carolina USA",38.8857266,1.4026345
127,Injidup  Western Australia AUSTRALIA,38.8857266,1.4026345
128,"Refugio State Beach, Santa Barbara County California USA",38.8857266,1.4026345
129,Nassau New Providence Island BAHAMAS,38.8857266,1.4026345
130,Maui Hawaii USA,38.8857266,1.4026345
131,Arenales del Sol Alicante Province SPAIN,38.8857266,1.4026345
132,Near Albany Western Australia AUSTRALIA,38.8857266,1.4026345
133,"Florida Keys, Monroe County Florida USA",38.8857266,1.4026345
134,Irino Beach Kochi Prefecture JAPAN,38.8857266,1.4026345
135,Clifton Beach Tasmania AUSTRALIA,38.8857266,1.4026345
136,Green Turtle Cay Abaco Islands BAHAMAS,38.8857266,1.4026345
137,"20 k off The Spit, off the Gold Coast Queensland AUSTRALIA",38.8857266,1.4026345
138,8 miles off Mobile Alabama USA,38.8857266,1.4026345
139,"Surfside, Orange County California USA",38.8857266,1.4026345
140,"North Myrtle Beach, Horry County South Carolina USA",38.8857266,1.4026345
141,"Las Teresitas, Tenerife Canary Islands SPAIN",38.8857266,1.4026345
142,"Capitola, Santa Cruz County California USA",38.8857266,1.4026345
143,"Off Gloucester, Essec County Massachusetts USA",38.8857266,1.4026345
144,"Off Palos Verdes peninsula, Los Angeles County California USA",38.8857266,1.4026345
145,Palm Cove  Queensland AUSTRALIA,-33.3192207,115.6310993
146,Sullivan's Island South Carolina USA,32.7709427,-79.8550196
147,"Atlantic Beach, Emerald Isle, Carteret County North Carolina USA",34.7035868,-77.3035459
148,Ryspunt Western Cape Province SOUTH AFRICA,-34.1913578,24.7114128
149,"Pelican Beach Park, Satellite Beach, Brevard County Florida USA",28.1673007,-80.5899484
150,"Kalapaki Beach, Kauai Hawaii USA",21.9601779,-159.3523706
151,Coral Bay Western Australia AUSTRALIA,-23.1420367,113.7638538
152,"Pirates Beach, Galveston Texas USA",29.2047732,-94.9387669
153,"Flagler Beach, Flagler County Florida USA",29.4658634,-81.1615857
154,Mindarie Western Australia AUSTRALIA,-31.6889597,115.6896937
155,Ain Sokhna Suez EGYPT,29.632561,32.3212623
156,Kingscliff New South Wales AUSTRALIA,-28.2611985,153.5376769
157,"Falcon Beach, Mandurah Western Australia AUSTRALIA",-32.5853767,115.6374025
158,"Corona Del Mar, Newport, Orange County California USA",33.6022548,-117.8832491
159,"Neptune, Duval County Florida USA",30.3157893,-81.4202417
160,"St. Petersburg, Pinellas County Florida USA",27.7786988,-82.7949081
161,"Hugenot Beach , Jacksonville, Duval County Florida USA",30.4110088,-81.4226769
162,"Boca Raton, Palm Beach County Florida USA",26.3728124,-80.1874063
163,"Wailea Beach, Maui Hawaii USA",20.685144,-156.4453363
164,Cormandel North Island NEW ZEALAND,-36.8333324,175.5745785
165,Balian Bali INDONESIA,-8.5031133,114.9633709
166,"Robberg Beach, Plettenberg Bay Western Cape Province SOUTH AFRICA",-34.0820162,23.3612287
167,"First Sun Beach, Byron Bay New South Wales AUSTRALIA",-28.6500106,153.578435
168,Makemo Atoll Tuamotos FRENCH POLYNESIA,-16.5838551,-143.6601667
169,"Off Singer Island, Palm Beach County Florida USA",26.7850618,-80.0462956
170,Poe Beach Grand Terre NEW CALEDONIA,-21.6098406,165.3732516
171,"Corners Beach, Jupiter, Palm Beach County Florida USA",26.8333495,-80.238452
172,"Olowalu, Maui Hawaii USA",20.8147215,-156.6337548
173,Bombo Beach New South Wales AUSTRALIA,-34.6584605,150.8509761
174,"Fort Myers Beach, Lee County Florida USA",26.4344352,-81.9599037
175,North Cronulla Beach New South Wales AUSTRALIA,-34.0497182,151.1549273
176,"Bolsa Chica State Park, Orange County California USA",33.6972793,-118.0683508
177,"Vero Beach, St. Lucie County Florida USA",27.6430241,-80.4393018
178,Wrights Bay South Australia AUSTRALIA,-37.0330962,139.7323563
179,Escalerio Beach Balneário Camboriú Santa Catarina State BRAZIL,-37.0330962,139.7323563
180,"Ricaudy Reef, Noumea South Province NEW CALEDONIA",-22.3125899,166.4497621
181,Yate South Province NEW CALEDONIA,-22.1083072,166.4729474
182,"Bavaro Beach, Punta Cana Altagracia Province DOMINICAN REPUBLIC",18.6670057,-68.4041324
183,Stingray City Bar Grand Cayman CAYMAN ISLANDS,19.3298237,-81.3925158
184,Nettley Bay Tasmania AUSTRALIA,-40.9299991,144.6112452
185,Stradbroke Island Queensland AUSTRALIA,-27.563166,153.3298074
186,Hams Beach New South Wales AUSTRALIA,-33.0977816,151.6556782
187,"Hanalei Bay, Kauai Hawaii USA",22.207262,-159.5158428
188,"Hanalei Bay, Kauai,  Hawaii USA",22.207262,-159.5158428
189,Off Surfside Texas USA,22.207262,-159.5158428
190,35 miles off Fujairah Fujairah Emirate UNITED ARAB EMIRATES,22.207262,-159.5158428
191,"Happy Valley Beach, Caloundra Queensland AUSTRALIA",-26.8072286,153.1315832
192,Heron Island Queensland AUSTRALIA,-23.4423244,151.9107569
193,Miall Island Queensland AUSTRALIA,-23.123799,150.8372401
194,Westbrook Beach KwaZulu-Natal SOUTH AFRICA,-29.5958522,31.1591567
195,"Arinaga Beach, Aguimes, Gran Canaria Grand Canary Island SPAIN",27.858225,-15.3969257
196,La'aloa Beach Park Hawaii USA,19.594373,-155.9740204
197,Bondi Beach New South Wales AUSTRALIA,-33.8909748,151.2639875
198,Fernano de Noronha Pernambuco BRAZIL,-3.8447969,-32.4619115
199,Lake Macquarie New South Wales AUSTRALIA,-33.0684731,151.4431429
200,Mpande Eastern Cape Province SOUTH AFRICA,-33.0684731,151.4431429
201,"Punta Vicente Roca, Isabella Island Galapagos Islands ECUADOR",-0.3830326,-91.5448685
202,"Playalinda Beach, Brevard County Florida USA",28.655517,-80.6405835
203,"Palm Beach, Palm Beach County Florida USA",26.6835908,-80.1097533
204,East Ballina New South Wales AUSTRALIA,-28.8586176,153.5718324
205,"Paradise Beach, Melbourne, Brevard County Florida USA",28.1229901,-80.579149
206,"Kehena Beach, Hawaii Hawaii USA",19.3946571,-154.9378426
207,"Cocoa Beach, Brevard  County Florida USA",19.3946571,-154.9378426
208,Maxixe Inhambane Province MOZAMBIQUE,19.3946571,-154.9378426
209,Bald Island Western Australia AUSTRALIA,19.3946571,-154.9378426
210,"Malaka, Oahu Hawaii USA",19.3946571,-154.9378426
211,Stil Bay Western Cape Province SOUTH AFRICA,19.3946571,-154.9378426
212,"Deerfield Beach, Broward County Florida USA",19.3946571,-154.9378426
213,"Nahaduga, Inhambane Bay Inhambane Province MOZAMBIQUE",19.3946571,-154.9378426
214,"Waikiki,  Hawaii USA",19.3946571,-154.9378426
215,"Lanikai Beach, Kailua, Oahu Hawaii USA",19.3946571,-154.9378426
216,"Off Leffingwell Landing, San Luis Obispo County California USA",19.3946571,-154.9378426
217,"Shipyard Beach Club, Hilton Head Island, Beaufort County South Carolina USA",19.3946571,-154.9378426
218,"Leftovers, Oahu Hawaii USA",19.3946571,-154.9378426
219,"Maxixe, Inhambane Bay Inhambane Province MOZAMBIQUE",19.3946571,-154.9378426
220,Pyramids Beach Western Australia AUSTRALIA,19.3946571,-154.9378426
221,"Pepper Park Beach, St. Lucie County Florida USA",19.3946571,-154.9378426
222,Galveston Texas USA,19.3946571,-154.9378426
223,"Vilano Beach, St.  Johns County Florida USA",19.3946571,-154.9378426
224,"Russel Island, Frankland Group Queensland AUSTRALIA",19.3946571,-154.9378426
225,"Horseshoe Rock, Santa Barbara County California USA",19.3946571,-154.9378426
226,"Upolu Point, North Kohala, Big Island Hawaii USA",19.3946571,-154.9378426
227,"Fernandina Beach, Amelia Island, Nassau County Florida USA",19.3946571,-154.9378426
228,"Big Talbot Island, Duval County Florida USA",28.3286305,-80.6596442
229,"Jacksonville Beach, Duval County Florida USA",30.2799688,-81.4090312
230,North Shelly Beach New South Wales AUSTRALIA,-33.3699235,151.4760154
231,"El Pescador Beach, Los Angeles County California USA",34.0392014,-118.8921556
232,"Deer Creek Beach, Ventura County California USA",34.0392014,-118.8921556
233,Hallidays Point New South Wales AUSTRALIA,34.0392014,-118.8921556
234,"Myrtle Beach, Horry County South Carolina USA",34.0392014,-118.8921556
235,Karon Beach Phuket THAILAND,34.0392014,-118.8921556
236,"Morro Strand State Beach, San Luis Obispo County California USA",34.0392014,-118.8921556
237,"Morro Bay, San Luis Obispo County California USA",34.0392014,-118.8921556
238,Lighthouse Beach New South Wales AUSTRALIA,34.0392014,-118.8921556
239,"Murrells Inlet, Georgetown County South Carolina USA",34.0392014,-118.8921556
240,Santa Barbara County California USA,34.0392014,-118.8921556
241,"Poniente Beach, Benidorm Alicante SPAIN",34.0392014,-118.8921556
242,Cortes Bank California USA,34.0392014,-118.8921556
243,Playa Grande Guanacaste COSTA RICA,34.0392014,-118.8921556
244,Tyrendarra Beach Victoria AUSTRALIA,34.0392014,-118.8921556
245,"Edisto Beach, Colleton County South Carolina USA",34.0392014,-118.8921556
246,"Lachan Island, Mercury Passage Tasmania AUSTRALIA",34.0392014,-118.8921556
247,"La Jolla, San Diego County California USA",34.0392014,-118.8921556
248,Tyrendarra Beach near Portland Victoria AUSTRALIA,34.0392014,-118.8921556
249,Jeffrey's Bay Eastern Cape Province SOUTH AFRICA,34.0392014,-118.8921556
250,"Huntington Beach, Orange County California USA",34.0392014,-118.8921556
251,"Port Lucaya, Freeport Grand Bahama Island BAHAMAS",34.0392014,-118.8921556
252,"Off Surf City, Pender County North Carolina USA",34.0392014,-118.8921556
253,Lennox Head New South Wales AUSTRALIA,34.0392014,-118.8921556
254,"Ocracoke, Lifeguard Beach, National Park Service, Hyde County North Carolina USA",34.0392014,-118.8921556
255,"Flat Rock, Yamba New South Wales AUSTRALIA",34.0392014,-118.8921556
256,"Isle of Palms County Park, Isle of Palms, Charleston County South Carolina USA",34.0392014,-118.8921556
257,"Rodanthe, Dare County North Carolina USA",34.0392014,-118.8921556
258,Buffels Bay near Knysna Western Cape Province SOUTH AFRICA,34.0392014,-118.8921556
259,"Lookout Beach, Plettenberg Bay Western Cape Province SOUTH AFRICA",34.0392014,-118.8921556
260,"South Beach, Hunting Island State Park, Beaufort County South Carolina USA",34.0392014,-118.8921556
261,Rottnest Island Western Australia AUSTRALIA,34.0392014,-118.8921556
262,"Avon, Hatteras Island, Outer Banks, Dare County North Carolina USA",34.0392014,-118.8921556
263,Surf City North Carolina USA,34.0392014,-118.8921556
264,Denmark Western Australia AUSTRALIA,34.0392014,-118.8921556
265,"St. Helena Island, Beaufort County South Carolina USA",34.0392014,-118.8921556
266,Daytona Beach Shores Florida USA,34.0392014,-118.8921556
267,"Oak Island, Brunswick County North Carolina USA",34.0392014,-118.8921556
268,Off San Diego California USA,34.0392014,-118.8921556
269,"Ocean Isle, Brunswick County North Carolina USA",34.0392014,-118.8921556
270,"Lori Wilson Park, Cocoa Beach, Brevard  County Florida USA",34.0392014,-118.8921556
271,Fort Lauderdale Florida USA,34.0392014,-118.8921556
272,Folette Le Port REUNION,34.0392014,-118.8921556
273,Avatoru Pass Rangiroa FRENCH POLYNESIA,34.0392014,-118.8921556
274,Saltwater Beach New South Wales AUSTRALIA,34.0392014,-118.8921556
275,Port St. John's Eastern Cape Province SOUTH AFRICA,34.0392014,-118.8921556
276,Kanahena Cove  Hawaii USA,34.0392014,-118.8921556
277,"Resident's Beach, Marco Island Florida USA",34.0392014,-118.8921556
278,Fishery Bay South Australia AUSTRALIA,34.0392014,-118.8921556
279,"Belongil Beach, Byron Bay New South Wales AUSTRALIA",34.0392014,-118.8921556
280,Cap Homard Saint-Gilles-les-Bains REUNION,34.0392014,-118.8921556
281,"3 miles off Jupiter, Palm Beach County Florida USA",34.0392014,-118.8921556
282,McKenzies Beach New South Wales AUSTRALIA,34.0392014,-118.8921556
283,"Praia del Chifre, Olinda Pernambuco BRAZIL",34.0392014,-118.8921556
284,Yellow Sands Point Eastern Cape Province SOUTH AFRICA,34.0392014,-118.8921556
285,Hapuna Beach Hawaii USA,34.0392014,-118.8921556
286,Anau Bora Bora FRENCH POLYNESIA,34.0392014,-118.8921556
287,"Julian Rocks, Byron Bay New South Wales AUSTRALIA",34.0392014,-118.8921556
288,Mazlatan Sinaloa MEXICO,34.0392014,-118.8921556
289,"Tupapati, Hikueru Atoll Central Tuamotu FRENCH POLYNESIA",34.0392014,-118.8921556
290,Ravine Mula d’Étang-Salé REUNION,34.0392014,-118.8921556
291,Shelly Beach New South Wales AUSTRALIA,-33.3699235,151.4760154
292,"Seven Mile Beach, Byron Bay New South Wales AUSTRALIA",-28.71036,153.6146432
293,Mereweather Beach New South Wales AUSTRALIA,-32.9473114,151.7571767
294,"Nerang River, Surfer's  Paradise Queensland AUSTRALIA",-27.9880901,153.4023369
295,Lahaina Hawaii USA,20.887858,-156.7093172
296,Flat Rock New South Wales AUSTRALIA,-31.3088745,150.1595624
297,Nahoon Beach Eastern Cape Province SOUTH AFRICA,-32.9860439,27.9389625
298,Off Panama City Florida USA,30.064319,-85.4654473
299,"Wategos Beach, Byon Bay New South Wales AUSTRALIA",-28.6358817,153.6318585
300,Off Blacksmith Beach New South Wales AUSTRALIA,-28.6358817,153.6318585
301,"Mollymook Beach, Bannister Head New South Wales AUSTRALIA",-35.3201228,150.4733786
302,"Tahiti Beach, Elbow Cay Abaco Islands BAHAMAS",26.5003569,-76.9867538
303,Chintsa East Beach Eastern Cape Province SOUTH AFRICA,-32.8289158,28.0969174
304,"Windsor Beach, Indian River County Florida USA",27.7886508,-80.4167556
305,Bherwerre Beach New South Wales AUSTRALIA,-35.1500772,150.6425586
306,Three Stripes near Cheynes Beach Western Australia AUSTRALIA,-34.88414,118.4024403
307,Durban KwaZulu-Natal SOUTH AFRICA,-29.8483609,30.9224218
308,"Montaña de Oro State Park, San Luis Obispo County  California USA",35.2723111,-120.8889701
309,Paradise Beach Victoria AUSTRALIA,-38.191931,147.3986346
310,Rudder Reef Queensland AUSTRALIA,-16.189154,145.6322749
311,Off Motril Granada SPAIN,-16.189154,145.6322749
312,"Pyramids Beach, Port Bouvard Western Australia AUSTRALIA",-32.6057389,115.6313116
313,Freo Western Australia AUSTRALIA,-32.0525619,115.7384503
314,"Franklin Point, San Mateo County California USA",37.1496681,-122.369284
315,"Indian Harbor Beach, Brevard County Florida USA",28.1553124,-80.6141345
316,"Airplane Beach, Lahina, West Maui Hawaii USA",20.9153168,-156.753207
317,Moonee Beach New South Wales AUSTRALIA,-30.1956084,153.1169904
318,"Fort Pierce Inlet State Park, St. Lucie County Florida USA",27.434832,-80.3901051
319,"North Kohala, Hawaii County Hawaii USA",20.2465687,-155.8835924
320,Wallabi Point New South Wales AUSTRALIA,-31.9904545,152.5458682
321,"Kihei, Maui Hawaii USA",20.7650743,-156.521333
322,"Kahului, Maui Hawaii USA",20.877901,-156.4914598
323,"Leadbetter Beach, Santa Barbara County California USA",34.4024155,-119.7013486
324,"Maalaea, South Maui Hawaii USA",20.8027683,-156.6181848
325,"Castle Rock, north of Dunsborough Western Australia AUSTRALIA",-33.5835177,115.0881915
326,"Cherie Down Park, Brevard County Florida USA",28.3918352,-80.599145
327,"Walls Beach, Vandenberg AFB, Santa Barbara County California USA",34.7069443,-120.6029065
328,"Kelpids Beach, Wylie Bay, Esperance Western Australia AUSTRALIA",-33.8320375,121.9899602
329,Tiahura Lagoon Moorea FRENCH POLYNESIA,-33.8320375,121.9899602
330,"Manresa State Beach, Santa Cruz County California USA",-33.8320375,121.9899602
331,"Clarkes Beach, Byron Bay New South Wales AUSTRALIA",-28.640058,153.6198808
332,"Katrina Cut, Dauphin Island, Mobile County Alabama USA",-28.640058,153.6198808
333,"Manomet Point, Plymouth, Plymouth County Massachusetts USA",41.9221287,-70.551021
334,"Fletcher Beach, Hutchinson Island, Martin County Florida USA",27.2054998,-80.17127
335,Salou Catalonia SPAIN,41.0781462,1.1061034
336,"Atlantic Beach, Duval County Florida USA",30.3421793,-81.4213701
337,Assateague National Seashore Maryland USA,38.0654024,-75.5428393
338,Benidorm Alicante SPAIN,38.5374023,-0.1650151
339,"Figure Eight Island,  New Hanover County North Carolina USA",34.2688881,-77.7780499
340,"Surfside Beach, Horry  County South Carolina USA",33.6098592,-78.9951996
341,Apalachicola Bay  Florida USA,29.6689403,-85.0539026
342,"Off Masonboro Island, New Hanover County North Carolina USA",29.6689403,-85.0539026
343,Gnaraloo Western Australia AUSTRALIA,-23.9730662,113.3512281
344,"3 to 4 miles west of Indian Pass, Gulf County Florida USA",-23.9730662,113.3512281
345,"Hallandale Beach, Broward County Florida USA",25.9854849,-80.1569546
346,"Lake Ponchartain off Southshore Harbor, New Orleans Louisiana USA",30.0380591,-90.0177646
347,"South of Cocoa Beach, Brevard County Florida USA",28.3286305,-80.6596442
348,"Table Beach, Brevard County Florida USA",28.2666061,-80.6078321
349,Muizenberg Western Cape Province SOUTH AFRICA,-34.0977452,18.4665573
350,"Sunset Beach, Brunswick County North Carolina USA",33.8864629,-78.5496121
351,"Indialantic, Brevard County Florida USA",28.0875432,-80.5774922
352,"Teresita, Santa Cruz, Tenerife Canary Islands SPAIN",28.2931087,-16.8028586
353,"Paia Bay, Maui Hawaii USA",20.9175351,-156.3858972
354,Okaloosa Island Florida USA,30.3912328,-86.606899
355,Tiger Beach West End BAHAMAS,30.3912328,-86.606899
356,"Masonboro Island, New Hanover County North Carolina USA",34.1345636,-77.9175196
357,"Manhattan Beach, Los Angeles County California USA",33.883779,-118.4622202
358,"Oceano Dunes State Beach, San Luis Obispo County California USA",35.0848895,-120.6588649
359,"Isle of Palms, Charleston County South Carolina USA",32.8009171,-79.7990842
360,"Middleton Point, Fleurieu Peninsula South Australia AUSTRALIA",-35.4999992,138.4912452
361,Horizontal Falls Western Australia AUSTRALIA,-16.3770659,123.9585033
362,"Cape Henlopen State Park, Sussex County Delaware USA",38.7856582,-75.103785
363,"Parsons Beach,  Fleurieu Peninsula South Australia AUSTRALIA",-35.6311654,138.4642758
364,Aichi Atsumi peninsula JAPAN,34.6445052,137.2255892
365,"West Beach, Galveston Texas USA",29.2000762,-94.943997
366,"Seven Mile Beach, Gerroa New South Wales AUSTRALIA",-34.8163547,150.7120399
367,Nerang River near Chevron Island Queensland AUSTRALIA,-27.9974283,153.4159745
368,Wallis Island Wallis and Futuna FRANCE,-13.2846738,-176.2765209
369,The Australian Shark and Ray Centre New South Wales AUSTRALIA,-32.7706273,151.9964183
370,"Juan Ponce de León Landing, Melbourne Beach, Brevard County Florida USA",28.010895,-80.5324865
371,"Elliston, Eyre Peninsula South Australia AUSTRALIA",-34.3333325,135.7412452
372,"Tybee Island, Chatham County Georgia USA",32.0066393,-80.8797456
373,"Bethel Shoals, Indian River County Florida USA",32.0066393,-80.8797456
374,"Coligny Beach, Hilton Head, Beaufort County South Carolina USA",32.1414846,-80.7532532
375,Simonstown Western Cape Province SOUTH AFRICA,-34.1817205,18.3855857
376,"South Passage, south of Coral Bay Western Australia AUSTRALIA",-32.3079649,115.7340643
377,Port Alfred Eastern Cape Province SOUTH AFRICA,-33.5848059,26.8518438
378,Tathra New South Wales AUSTRALIA,-36.737334,149.9314431
379,Off Dawesville Cut Western Australia AUSTRALIA,-32.606453,115.6307676
380,"Second Beach, Port St Johns Eastern Cape Province SOUTH AFRICA",-31.6409371,29.5277309
381,Delray Beach Florida USA,26.4560036,-80.1271936
382,Macarthur State Park Florida USA,26.824641,-80.0462287
383,Winkipop Beach Victoria AUSTRALIA,-38.3680831,144.2827665
384,"Santa Lucea Beach, South Hutchinson Island, St. Lucie County Florida USA",27.2073806,-80.1732662
385,Huahine Society Islands FRENCH POLYNESIA,-16.7863548,-151.0274872
386,"Goldsmith Beach, Yorke Peninsula South Australia AUSTRALIA",-35.1519942,137.6837824
387,Porpoise Bay South Island NEW ZEALAND,-46.6513514,169.1020173
388,Umina Beach New South Wales AUSTRALIA,-33.5191894,151.2950727
389,Garden Bay near Cosy Nook South Island NEW ZEALAND,-46.3339107,167.7068485
390,Off Miyako Island Okinawa Prefecture JAPAN,24.8127312,125.2207864
391,"Playa Brava, Turtle Bay Santa Cruz Island ECUADOR",-0.7078012,-90.3192453
392,"Lindéralique, Hienghène North Province NEW CALEDONIA",-20.6816368,164.97246
393,Die Platt Western Cape Province SOUTH AFRICA,-20.6816368,164.97246
394,"Ninole Bay, Hawaii County Hawaii USA",19.9266175,-155.1576135
395,"Shelly Beach, near Port Macquarie New South Wales AUSTRALIA",-31.4561171,152.9279226
396,"Between  Makena & Molokini, Maui Hawaii USA",20.6323227,-156.4981593
397,"Riecks Point,  Campbell’s Beach,  New South Wales AUSTRALIA",-30.2379178,153.1434214
398,"Keawekapu Beach, Kihei, Maui Hawaii USA",20.7039072,-156.4485027
399,"Gleneden Beach, Lincoln County Oregon USA",44.8829958,-124.044214
400,"Trigg Beach, Perth Western Australia AUSTRALIA",-31.8781967,115.7497601
401,"Bay Head, Ocean County New Jersey USA",40.0691691,-74.0654956
402,"Kanaha Beach, Maui Hawaii USA",20.902652,-156.4462771
403,Turquoise Bay Western Australia AUSTRALIA,-22.0963883,113.8806896
404,"Little Island, near Hillarys Western Australia AUSTRALIA",-31.81236,115.7068967
405,South Narrabeen Beach New South Wales AUSTRALIA,-33.7105071,151.2948846
406,"Waiehu, Maui Hawaii USA",20.9239398,-156.5451633
407,"Pila'a Beach, Kaua'i Hawaii USA",22.2114905,-159.3659163
408,Miami Beach Florida USA,25.8102247,-80.2101824
409,"Albatros Point, near Jeffrey's Bay Eastern Cape Province SOUTH AFRICA",-34.0329727,24.9291392
410,"Off Poison Creek, Cape Arid Western Australia AUSTRALIA",-34.0329727,24.9291392
411,Ashdod Southern District ISRAEL,31.8082144,34.5881134
412,"Panama City, Bay County Florida USA",30.2036321,-85.7434937
413,"Carlin Park, Jupiter, Palm Beach County Florida USA",26.9291055,-80.0713819
414,"Casino Beach, Pensacola, Escambia County Florida USA",30.3310737,-87.1448289
415,"New Smyrna Beach,  Volusia County Florida USA",29.0295263,-81.0249492
416,Key West Aquarium Florida USA,24.55907,-81.8095207
417,"St Augustine Beach, St Johns County Florida USA",29.8394984,-81.2903271
418,"Butterfly Beach, Montecito, Santa Barbara County California USA",34.4174022,-119.6520625
419,Catalina Channel California USA,33.3889062,-118.5950301
420,"Winterhaven Park,           Ponce Inlet, Volusia County Florida USA",29.1047098,-80.943784
421,Smiths New South Wales AUSTRALIA,-32.3842006,152.4719341
422,Pohoiki  Hawaii USA,19.4608327,-154.8556992
423,"Pillar Point, Half-Moon Bay, San Mateo County California USA",37.5044389,-122.5034309
424,"Makenat, Maui Hawaii USA",20.6544438,-156.4512548
425,"Ka'a Point, Maui Hawaii USA",20.6542174,-156.7227021
426,Folly Beach South Carolina USA,32.671218,-80.0193736
427,"Sanibel Island, Lee County Florida USA",26.4575459,-82.1663113
428,"Ulua Beach, Maui Hawaii USA",20.6903427,-156.4523715
429,Scotland Cay Abaco Islands BAHAMAS,26.6460733,-77.0819665
430,Compass Cay Exuma Islands BAHAMAS,24.2209206,-76.5495725
431,Grand Cay Abaco Islands BAHAMAS,27.2094321,-78.3365641
432,"Boa Viagem Beach, Recife Pernambuco BRAZIL",-8.1309239,-34.9155127
433,"Gulf Shores, Baldwin County Alabama USA",-8.1309239,-34.9155127
434,"Butler Beach, St Augustine,       St. Johns County Florida USA",-8.1309239,-34.9155127
435,Le cimetière marin Saint-Paul REUNION,-8.1309239,-34.9155127
436,Holden Beach. Brunswick County North Carolina USA,-8.1309239,-34.9155127
437,"Sant Marti d’Empuries Beach, L’Escala Catalonia SPAIN",-8.1309239,-34.9155127
438,Port Royal Kingston Parish JAMAICA,-8.1309239,-34.9155127
439,"Pacific State , San Mateo County California USA",-8.1309239,-34.9155127
440,"Jacksonville, Duval County Florida USA",-8.1309239,-34.9155127
441,"Kiawah Island, Charleston County South Carolina USA",-8.1309239,-34.9155127
442,Kona Coast State Park Hawaii USA,-8.1309239,-34.9155127
443,"Surfside Beach, Brazoria County Texas USA",-8.1309239,-34.9155127
444,Queensberry Bay Eastern Cape Province SOUTH AFRICA,-8.1309239,-34.9330221
445,"Off Snipe Point, Florida Keys, Monroe County Florida USA",24.6981968,-81.6827332
446,Target Beach New South Wales AUSTRALIA,24.6981968,-81.6827332
447,"Halewia, Oahu Hawaii USA",21.5936245,-158.1236491
448,Coral Cove Beach Pernambuco BRAZIL,21.5936245,-158.1236491
449,"Tourmaline Surf Park, San Diego County California USA",21.5936245,-158.1236491
450,Brisant Beach Saint-Gilles REUNION,21.5936245,-158.1236491
451,Emerald Beach New South Wales AUSTRALIA,21.5936245,-158.1236491
452,"Seagull Beach, Cancun Quintana Roo MEXICO",21.5936245,-158.1236491
453,Crowdy Head New South Wales AUSTRALIA,-31.8413271,152.7113653
454,"Near Boynton Beach, Palm Beach County Florida USA",26.5280698,-80.1169697
455,False Bay Western Cape Province SOUTH AFRICA,-34.2148676,18.5062808
456,"North Pass, Fakarava Tuamotus FRENCH POLYNESIA",-16.2987775,-145.8728605
457,"Jensen Beach, Martin County  Florida USA",27.2380416,-80.2819491
458,Perth Western Australia AUSTRALIA,-32.0388311,115.4010501
459,Ka’anapali Shores Hawaii USA,20.9476477,-156.6922998
460,Terrigal Beach New South Wales AUSTRALIA,-33.4452789,151.4419153
461,Savannah Sound Eleuthera BAHAMAS,25.0836993,-76.1445118
462,De Mond Western Cape Province SOUTH AFRICA,-34.7155935,20.106423
463,Hawston Beach Western Cape Province SOUTH AFRICA,-34.4053197,19.1377041
464,Pillikin Red Light area  St. Catherine JAMAICA,-34.4053197,19.1377041
465,African Reef off Geraldton Western Australia AUSTRALIA,-28.802443,114.6163334
466,Off Likas Island Palawan PHILIPPINES,-28.802443,114.6163334
467,Muriwai North Island NEW ZEALAND,-36.7905102,174.2883374
468,"Ka'anapali, Honokowai, Maui Hawaii USA",20.9140973,-156.7216903
469,"""Stuart Rocks"", Martin County Florida USA",27.189271,-80.2549443
470,"Tapu, a dive site on the outer reefs of Bora Bora Society Islands FRENCH POLYNESIA",27.189271,-80.2549443
471,Pedro Cays Kingston Parish JAMAICA,27.189271,-80.2549443
472,Cape Nelson Victoria AUSTRALIA,-38.4320788,141.5412452
473,Noosa Queensland AUSTRALIA,-26.3181946,152.8013757
474,Bullcock Beach Queensland AUSTRALIA,-26.3181946,152.8013757
475,Kiholo Bay Hawaii USA,-26.3181946,152.8013757
476,Great Mercury Island Mercury Islands NEW ZEALAND,-26.3181946,152.8013757
477,Near Legendre Island Western Australia AUSTRALIA,-26.3181946,152.8013757
478,Between Dee Why and Long Reef New South Wales AUSTRALIA,-26.3181946,152.8013757
479,"Kylie's Beach, Diamond Head New South Wales AUSTRALIA",-26.3181946,152.8013757
480,Kauai Hawaii USA,-26.3181946,152.8013757
481,Green Island New South Wales AUSTRALIA,-26.3181946,152.8013757
482,"Sunday Cove, Fiordland South Island NEW ZEALAND",-26.3181946,152.8013757
483,Mooloolaba Queensland AUSTRALIA,-26.3181946,152.8013757
484,Nuevo Altata Sinaloa MEXICO,-26.3181946,152.8013757
485,"Makena Landing, Maui Hawaii USA",-26.3181946,152.8013757
486,"Davidson's Surf Break, Kekaha, Kaua'i Hawaii USA",-26.3181946,152.8013757
487,"Humboldt Bay, Eureka, Humboldt County California USA",40.7426721,-124.2993136
488,"Surf Beach, Lompoc, Santa Barbara County California USA",34.6829861,-120.6071842
489,"Seaport, Brevard County Florida USA",34.6829861,-120.6071842
490,Hobe Sound Florida USA,27.0805577,-80.1765581
491,Oboro Delta NIGERIA,5.1833328,5.8745782
492,"Davenport Landing, Santa Cruz County California USA",37.0258857,-122.2180705
493,"Mullaloo Beach, Perth Western Australia AUSTRALIA",-31.7824397,115.7144989
494,"Spanish House Beach, Brevard County Florida USA",27.9271447,-80.4901708
495,"Cocoa Beach, Brevard  County Florida USA",27.9271447,-80.4901708
496,Eueiki Island Vava'u TONGA,27.9271447,-80.4901708
497,"South Beach, Miami-Dade County Florida USA",27.9271447,-80.4901708
498,"Neptune Beach, Duval County Florida USA",27.9271447,-80.4901708
499,"St. Augustine Beach, St. John's County Florida USA",27.9271447,-80.4901708
500,"Spreckelsville, Maui Hawaii USA",27.9271447,-80.4901708
501,Off the Isle of Islay Inner Hebrides SCOTLAND,27.9271447,-80.4901708
502,Red Bluff near Quobba Station Western Australia AUSTRALIA,27.9271447,-80.4901708
503,"Coral Cove, Cabo de Santo Agostinho Pernambuco BRAZIL",27.9271447,-80.4901708
504,Ocean Reef Western Australia AUSTRALIA,27.9271447,-80.4901708
505,Key Largo Florida USA,27.9271447,-80.4901708
506,Kaukura Atoll Tuamotus FRENCH POLYNESIA,27.9271447,-80.4901708
507,"Topanga Beach, Los Angeles County California USA",27.9271447,-80.4901708
508,Streaky Bay South Australia AUSTRALIA,27.9271447,-80.4901708
509,"Maha‘ulepu Beach, Kauai Hawaii USA",27.9271447,-80.4901708
510,"Ballston Beach, Truro, Cape Cod Massachusetts USA",27.9271447,-80.4901708
511,"Off Radix Village, Mayoro County Trinidad TRINIDAD & TOBAGO",27.9271447,-80.4901708
512,"Tofino, Vancouver British Colombia CANADA",27.9271447,-80.4901708
513,Off Wedge Island Western Australia AUSTRALIA,27.9271447,-80.4901708
514,"North Topsail Beach, Onslow County North Carolina USA",27.9271447,-80.4901708
515,Ship's Graveyard off Point Lonsdale Victoria AUSTRALIA,27.9271447,-80.4901708
516,"Pleasure Point, Santa Cruz County California USA",27.9271447,-80.4901708
517,"Sandstrand, Jongensfontein Western Cape Province SOUTH AFRICA",27.9271447,-80.4901708
518,"Kahana Beach, Maui Hawaii USA",27.9271447,-80.4901708
519,South Cape Bay Tasmania AUSTRALIA,27.9271447,-80.4901708
520,"Bathtub Reef  Beach, Stuart, Martin County Florida USA",27.9271447,-80.4901708
521,"Summerland Key, Monroe County Florida USA",27.9271447,-80.4901708
522,Port Campbell Victoria AUSTRALIA,27.9271447,-80.4901708
523,Muravera Sardinia ITALY,27.9271447,-80.4901708
524,"Redhead Beach, Newcastle New South Wales AUSTRALIA",27.9271447,-80.4901708
525,"Bethune Beach, Volusia County Florida USA",27.9271447,-80.4901708
526,"Boca de la Leña, La Unión Guerrero MEXICO",27.9271447,-80.4901708
527,"Iroquiois Point, Oahu Hawaii USA",21.3217722,-157.9870363
528,"Leffingwell Landing, Cambria,  San Luis Obispo County California USA",35.5838507,-121.1236084
529,Off Catalina Island California USA,33.3889062,-118.5950301
530,Caves near Kogel Bay Western Cape Province SOUTH AFRICA,-33.5301179,19.1606024
531,"Dolphin Bay, Innes National Park South Australia AUSTRALIA",-35.2367082,136.8944375
532,"Leftovers near Chun's Reef, Oahu Hawaii USA",-35.2367082,136.8944375
533,Stratham Beach Western Australia AUSTRALIA,-33.4670471,115.5585152
534,Kalbarri Western Australia AUSTRALIA,-27.6803767,114.0619603
535,Nobby's Beach Queensland AUSTRALIA,-28.0564111,153.4355794
536,"Opunake, Taranake North Island NEW ZEALAND",-39.4160868,173.7553562
537,"Shipwreck Cove, Melbourne Aquarium Victoria AUSTRALIA",-37.8207879,144.9561307
538,Port de la Marine Saint-Benoit REUNION,-21.0198329,55.7026899
539,Off Duba Tabuk Province SAUDI ARABIA,-21.0198329,55.7026899
540,Antofagasta Antofagasta Province CHILE,-23.6283069,-70.5448166
541,"Palm Beach Inlet, Palm Beach County Florida USA",26.7722843,-80.0460178
542,Broughton Island New South Wales AUSTRALIA,-32.6175692,152.2993149
543,Strandfontein Western Cape Province SOUTH AFRICA,-31.7462178,18.2132509
544,Wurtulla Queensland AUSTRALIA,-26.7556535,153.1179276
545,Lanai Hawaii USA,20.8305128,-157.0740381
546,Taimali Taitung  TAIWAN,22.5772134,120.8535423
547,Redhead Beach New South Wales AUSTRALIA,-33.0208771,151.7009296
548,"Second Beach, Port St. Johns Eastern Cape Province SOUTH AFRICA",-31.6409371,29.5277309
549,"Lincoln City, Lincoln County Oregon USA",44.9681276,-124.0718807
550,North Avoca Beach New South Wales AUSTRALIA,-33.460639,151.4342176
551,Duranbah Queensland AUSTRALIA,-28.3008011,153.4936411
552,"Jupiter, Palm Beach County Florida USA",26.9267113,-80.1533571
553,Fort James Beach St John's ANTIGUA,17.1347996,-61.8658967
554,Barandúa Beach Santa Elena ECUADOR,17.1347996,-61.8658967
555,New Smyrna Beach Florida USA,29.0295263,-81.0249492
556,"Makahuena Point, Kauai Hawaii USA",21.8717446,-159.4551077
557,"Noordhoek, Port Elizabeth Eastern Cape Province SOUTH AFRICA",-34.0333322,25.6245782
558,Angourie New South Wales AUSTRALIA,-29.4690632,153.3379458
559,Between Sodwana & Cape Vidal KwaZulu-Natal SOUTH AFRICA,-28.12322,32.5541713
560,Maroubra New South Wales AUSTRALIA,-28.12322,32.5541713
561,Seaside Cove Oregon USA,-28.12322,32.5541713
562,Bushy Ilet Queensland AUSTRALIA,-28.12322,32.5541713
563,Broken Head New South Wales AUSTRALIA,-28.12322,32.5541713
564,Tabanan Bali INDONESIA,-28.12322,32.5541713
565,Peregian Queensland AUSTRALIA,-26.4745267,153.0360355
566,Pigeon Point California USA,37.1829202,-122.3949909
567,Pigeon Island East New Britain PAPUA NEW GUINEA,-4.2694443,152.3334674
568,"Punta Del Chifre Beach, Olinda Pernambuco BRAZIL",-4.2694443,152.3334674
569,Sainte-Rose Bois-Blanc  REUNION,-21.1960552,55.8106326
570,"Marina State Beach, Monterey County California USA",36.6927933,-121.8114728
571,Spey Bay Moray SCOTLAND,57.6713012,-3.0939868
572,"uShaka Aquarium, Durban KwaZulu-Natal SOUTH AFRICA",-29.8672537,31.0436655
573,"Newport, Lincoln County Oregon USA",44.6212013,-124.1899821
574,Elwood Beach Victoria AUSTRALIA,-37.8903432,144.9823735
575,Cape Canaveral Florida USA,28.3882309,-80.6242721
576,Seaside Oregon USA,45.9819496,-123.9621426
577,Cottesloe Beach Western Australia AUSTRALIA,-31.9895081,115.7429881
578,"Santa Maria Island, Manatee County Florida USA",27.4916835,-82.7870718
579,Hatillo Beach Puerto Rico USA,18.4908069,-66.7963761
580,Playa Jackson  Samaná Province DOMINICAN REPUBLIC,18.4908069,-66.7963761
581,Clovely Beach Western Cape Province SOUTH AFRICA,-34.1325524,18.4371186
582,Boucan-Canot Saint-Gilles REUNION,-21.0272603,55.2243362
583,"Mama Ngina Beach, Mombasa  Coast Province KENYA",-21.0272603,55.2243362
584,"Samoa Beach, Humboldt County California USA",-21.0272603,55.2243362
585,"Hula, near Port Moresby Central Province PAPUA NEW GUINEA",-21.0272603,55.2243362
586,"Nimitz State Beach, Oahu Hawaii USA",-21.0272603,55.2243362
587,Bunker Bay Western Australia AUSTRALIA,-21.0272603,55.2243362
588,Crescent Beach St. Johns County Florida USA,-21.0272603,55.2243362
589,Fantome Island Queensland AUSTRALIA,-21.0272603,55.2243362
590,"Grass Island, Aransas County Texas USA",-21.0272603,55.2243362
591,Slavyanka Primorsky Krai RUSSIA,-21.0272603,55.2243362
592,"Buxton Beach, Dare County North Carolina USA",-21.0272603,55.2243362
593,"Lookout Beach, near the Keurbooms river mouth in Plettenberg Bay Western Cape Province SOUTH AFRICA",-21.0272603,55.2243362
594,"Zheltukhin Island Peter the Great Bay, Khasan, Primorsky Krai (Far East) RUSSIA",-21.0272603,55.2243362
595,"Kure Beach, New Hanover County North Carolina USA",-21.0272603,55.2243362
596,"Wrightsville Beach, New Hanover County North Carolina USA",-21.0272603,55.2243362
597,"Vityaz Telyakovsky Bay, Khasan,  Primorsky Krai (Far East) RUSSIA",-21.0272603,55.2243362
598,"Teahupoo, Tahiti Society Islands FRENCH POLYNESIA",-21.0272603,55.2243362
599,Vieques Puerto Rico USA,-21.0272603,55.2243362
600,Anse Lazio  Praslin SEYCHELLES,-21.0272603,55.2243362
601,Beaufort Inlet North Carolina USA,-21.0272603,55.2243362
602,Praia do Pina Pernambuco BRAZIL,-21.0272603,55.2243362
603,"Egg Harbor, Atlantic County New Jersey USA",-21.0272603,55.2243362
604,"Cintza Beach, East London Eastern Cape Province SOUTH AFRICA",-21.0272603,55.2243362
605,"Ocracoke Island, Hyde County North Carolina USA",-21.0272603,55.2243362
606,Brisants.  Saint-Gilles REUNION,-21.0272603,55.2243362
607,Off Lucaya Grand Bahama Island BAHAMAS,-21.0272603,55.2243362
608,"Sunday Beach, Matagorda Island, Calhoun  County Texas USA",-21.0272603,55.2243362
609,"Mustang Island, Nueces County Texas USA",-21.0272603,55.2243362
610,Roches Noires Saint-Gilles REUNION,-21.0272603,55.2243362
611,"Libertad, San Onofre Sucre COLUMBIA",-21.0272603,55.2243362
612,Mudjin Harbor Middle Caicos TURKS & CAICOS,-21.0272603,55.2243362
613,Aliwal Shoal KwaZulu-Natal SOUTH AFRICA,-21.0272603,55.2243362
614,"San Onofre State Beach, San Diego County California USA",-21.0272603,55.2243362
615,"Perdido Key, Escambia County Florida USA",-21.0272603,55.2243362
616,French Cay Caicos Bank TURKS & CAICOS,-21.0272603,55.2243362
617,Boucan-Canot Saint-Gilles-les-Bains REUNION,-21.0272603,55.2243362
618,St. Ives Cornwall UNITED KINGDOM,-21.0272603,55.2243362
619,"Off Jupiter Inlet, Palm Beach County Florida USA",-21.0272603,55.2243362
620,Albuquerque Cay San Andrés archipelago COLUMBIA,-21.0272603,55.2243362
621,Palau Payar Kedah MALAYSIA,-21.0272603,55.2243362
622,"Follett's Island, Brazoria County Texas USA",-21.0272603,55.2243362
623,Robberg Beach Western Cape Province SOUTH AFRICA,-21.0272603,55.2243362
624,"Lyman Beach, Kailua-Kona Hawaii USA",-21.0272603,55.2243362
625,Levan Point KwaZulu-Natal SOUTH AFRICA,-21.0272603,55.2243362
626,"Ponte Vedra Beach, St Johns County Florida USA",-21.0272603,55.2243362
627,Kendec North Province NEW CALEDONIA,-21.0272603,55.2243362
628,Miami Florida USA,-21.0272603,55.2243362
629,Khor Fakkan  Umm al Qaywayan Province UNITED ARAB EMIRATES (UAE),-21.0272603,55.2243362
630,Palm Beach KwaZulu-Natal SOUTH AFRICA,-21.0272603,55.2243362
631,"Riviera Beach, Palm Beach County Florida USA",-21.0272603,55.2243362
632,Red Bluffs Western Australia AUSTRALIA,-21.0272603,55.2243362
633,Snapper Point South Island NEW ZEALAND,-21.0272603,55.2243362
634,"Malake Island, Ra Province Vitu Levu FIJI",-21.0272603,55.2243362
635,Matagorda Beach Texas USA,-21.0272603,55.2243362
636,"Gaviotas Beach, Cancun Quintana Roo MEXICO",-21.0272603,55.2243362
637,"Jimmys Beach, Port Stephens New South Wales AUSTRALIA",-21.0272603,55.2243362
638,"Tallow Beach, Byron Bay New South Wales AUSTRALIA",-21.0272603,55.2243362
639,Between  Queensland AUSTRALIA,-21.0272603,55.2243362
640,"Bay of Bweedro, Ouvéa  Loyalty Islands NEW CALEDONIA",-21.0272603,55.2243362
641,Trois-Roches Saint Gilles  REUNION,-21.0272603,55.2243362
642,Off Perforated Island near Coffin Bay South Australia AUSTRALIA,-21.0272603,55.2243362
643,Sunshine Beach Queensland AUSTRALIA,-21.0272603,55.2243362
644,Exmouth Western Australia AUSTRALIA,-21.0272603,55.2243362
645,"Manzanillo, Revillagigedo Islands Colima MEXICO",-21.0272603,55.2243362
646,"Sundays River Mouth, Port Elizabeth Eastern Cape Province SOUTH AFRICA",-21.0272603,55.2243362
647,Cancun Quintana Roo MEXICO,-21.0272603,55.2243362
648,Revillagigedo Islands Colima MEXICO,-21.0272603,55.2243362
649,Cudgen Creek  New South Wales AUSTRALIA,-21.0272603,55.2243362
650,"Second Beach, Port St. John's Eastern Cape Province SOUTH AFRICA",-21.0272603,55.2243362
651,Xcalak  Quintana Roo MEXICO,-21.0272603,55.2243362
652,Busselton Western Australia AUSTRALIA,-21.0272603,55.2243362
653,Guadalupe Island Baja California MEXICO,-21.0272603,55.2243362
654,Sharm-el-Sheikh South Sinai Peninsula EGYPT,-21.0272603,55.2243362
655,"Kahului, Maui Hawaii USA",-21.0272603,55.2243362
656,Sigatoka Vitu Levu FIJI,-21.0272603,55.2243362
657,"Tavares Bay, Maui Hawaii USA",-21.0272603,55.2243362
658,"Middle Garden, Sharm el-Shiekh South Sinai Peninsula EGYPT",-21.0272603,55.2243362
659,"Ras Nasrani, Sharm el-Sheikh South Sinai Peninsula EGYPT",-21.0272603,55.2243362
660,"Coral Bay, Sharm el-Sheikh South Sinai Peninsula EGYPT",-21.0272603,55.2243362
661,Native Dog Beach Western Australia AUSTRALIA,-21.0272603,55.2243362
662,Between Carnac and Garden Islands Western Australia AUSTRALIA,-21.0272603,55.2243362
663,Off Garden Island Western Australia AUSTRALIA,-21.0272603,55.2243362
664,Cheynes Beach Western Australia AUSTRALIA,-21.0272603,55.2243362
665,Florence Oregon USA,-21.0272603,55.2243362
666,"Burnt Cove near Eastport, Washington County Maine USA",-21.0272603,55.2243362
667,Wedge Island Western Australia AUSTRALIA,-21.0272603,55.2243362
668,"Surf Beach, Vandenberg AFB, Santa Barbara County California USA",-21.0272603,55.2243362
669,Sharm el-Sheikh  South Sinai Peninsula EGYPT,-21.0272603,55.2243362
670,Mullaway Headland New South Wales AUSTRALIA,-21.0272603,55.2243362
671,Elbow Cay Abaco Islands BAHAMAS,-21.0272603,55.2243362
672,"Melkbaai, Strand Western Cape Province SOUTH AFRICA",-4.0679982,39.6778704
673,Winchester Bay Oregon USA,-4.0679982,39.6778704
674,Sandridge Beach Virginia USA,-4.0679982,39.6778704
675,Between Dyer Island and Pearly Beach Western Cape Province SOUTH AFRICA,-4.0679982,39.6778704
676,Fraser's Reef New South Wales AUSTRALIA,-4.0679982,39.6778704
677,"St. Augustine, St. John's County Florida USA",-4.0679982,39.6778704
678,"Off Jaws Beach, New Providence Island Exuma Islands BAHAMAS",-4.0679982,39.6778704
679,Cowaramup Bay Western Australia AUSTRALIA,-4.0679982,39.6778704
680,"Pigeon Point, San Mateo County California USA",-4.0679982,39.6778704
681,"Three Mile Creek, Townsville Queensland AUSTRALIA",-4.0679982,39.6778704
682,Jeju Island Jeju Province SOUTH KOREA,-4.0679982,39.6778704
683,Crescent Head New South Wales AUSTRALIA,-4.0679982,39.6778704
684,"Figure Eight Island, Wilmington, New Hanover County North Carolina USA",-4.0679982,39.6778704
685,"Near oil rig Hondo, 5 nm from Gaviota, Santa Barbara County California USA",-4.0679982,39.6778704
686,"Micklers Landing, St. Johns County Florida USA",-4.0679982,39.6778704
687,Myrtle Beach South Carolina USA,-4.0679982,39.6778704
688,"Sardina del Norte, Gáldar Grand Canary Island SPAIN",-4.0679982,39.6778704
689,"Lauderdale-by-the-Sea, Broward County Florida USA",26.2006593,-80.1112751
690,"Two Mile Reef, Sodwana Bay KwaZulu-Natal SOUTH AFRICA",26.2006593,-80.1112751
691,Off Long Island New York USA,26.2006593,-80.1112751
692,"Pismo Beach, San Luis  Obispo County California USA",26.2006593,-80.1112751
693,"Dog Patch, San Onofre California USA",26.2006593,-80.1112751
694,"Eight Mile Beach, Galveston Texas USA",26.2006593,-80.1112751
695,Fripp Island South Carolina USA,26.2006593,-80.1112751
696,"Topsail Island, Pender County North Carolina USA",26.2006593,-80.1112751
697,Quy Nhon  Binh Dinh Province VIETNAM,26.2006593,-80.1112751
698,Jacksonville Florida USA,26.2006593,-80.1112751
699,"Conspicuous Beach, near Walpole Western Australia AUSTRALIA",26.2006593,-80.1112751
700,Off Tarpon Springs Florida USA,26.2006593,-80.1112751
701,Point Plomer New South Wales AUSTRALIA,26.2006593,-80.1112751
702,"Ambatolaoka, Nosy Be Island Antsiranana Province MADAGASCAR",26.2006593,-80.1112751
703,Hanalei Bay Florida USA,26.2006593,-80.1112751
704,"East Beach, Port Alfred Eastern Cape Province SOUTH AFRICA",26.2006593,-80.1112751
705,Sharm el-Sheikh  Sinai Peninsula EGYPT,26.2006593,-80.1112751
706,Bittern Saint-Benoit REUNION,26.2006593,-80.1112751
707,Tahunanui Beach South Island NEW ZEALAND,26.2006593,-80.1112751
708,Nara Reef Off Vanua Levu FIJI,26.2006593,-80.1112751
709,"Dent Island, Whitsundays Queensland AUSTRALIA",-20.3591879,148.9154699
710,"Mona Vale Beach, Sydney New South Wales AUSTRALIA",-33.6809098,151.3091799
711,Cosy Nook South Island NEW ZEALAND,-46.3339107,167.7068485
712,Turners' Beach New South Wales AUSTRALIA,-46.3339107,167.7068485
713,Riviera Beach Florida USA,-46.3339107,167.7068485
714,Achang Reef Merizo GUAM,-46.3339107,167.7068485
715,"Stuart, Martin County Florida USA",-46.3339107,167.7068485
716,Oreti Beach South Island NEW ZEALAND,-46.3339107,167.7068485
717,"Atlantis Beach, near Tramandai Rio Grande Do Sul BRAZIL",-46.3339107,167.7068485
718,Archie's Beach Queensland AUSTRALIA,-46.3339107,167.7068485
719,"Umm Suqeim Beach, Dubai Dubai UNITED ARAB EMIRATES (UAE)",-46.3339107,167.7068485
720,Geelong Victoria AUSTRALIA,-46.3339107,167.7068485
721,Fish Hoek Western Province SOUTH AFRICA,-46.3339107,167.7068485
722,Thursday Island Torres Strait AUSTRALIA,-46.3339107,167.7068485
723,Elliot Key Florida USA,-46.3339107,167.7068485
724,"Nahoon, East London Eastern Province SOUTH AFRICA",-46.3339107,167.7068485
725,Port Alfred Eastern Cape  Province SOUTH AFRICA,-46.3339107,167.7068485
726,Ponta do Ouro Maputo Province MOZAMBIQUE,-46.3339107,167.7068485
727,Mudjimba Island Queensland AUSTRALIA,-46.3339107,167.7068485
728,Lamont Reef Queensland AUSTRALIA,-46.3339107,167.7068485
729,"North Beach, Durban KwaZulu-Natal SOUTH AFRICA",-46.3339107,167.7068485
730,Clark Island South Island NEW ZEALAND,-46.3339107,167.7068485
731,Coffee Head New South Wales AUSTRALIA,-46.3339107,167.7068485
732,Hawks Nest Beach New South Wales AUSTRALIA,-46.3339107,167.7068485
733,"Adventure Aquarium, Camden New Jersey USA",39.9442305,-75.1327536
734,"Lori Wilson Park, Cocoa Beach, Brevard County Florida USA",28.3371371,-80.6116584
735,"Loch Lomond, Marin County California USA",37.9732121,-122.4860774
736,Second Valley South Australia AUSTRALIA,37.9732121,-122.4860774
737,"Davenport, Santa Cruz County California USA",37.9732121,-122.4860774
738,Portland Victoria AUSTRALIA,37.9732121,-122.4860774
739,Off Vilanculo Inhambane Province MOZAMBIQUE,37.9732121,-122.4860774
740,Lennox Heads New South Wales AUSTRALIA,37.9732121,-122.4860774
741,"Kalama Park, Maui Hawaii USA",37.9732121,-122.4860774
742,Playa La Cabaña  Bocas PANAMA,37.9732121,-122.4860774
743,Deep Sea World Aquarium Fife SCOTLAND,37.9732121,-122.4860774
744,Mewstone Rock Devon UNITED KINGDOM,37.9732121,-122.4860774
745,"Key Colony Beach, Monroe County Florida USA",37.9732121,-122.4860774
746,"Piedade, Recife Pernambuco BRAZIL",37.9732121,-122.4860774
747,"Corolla, Currituck County North Carolina USA",37.9732121,-122.4860774
748,"Kirakira, Makira Island (formerly San Cristobal) Makira-Ulawa Province SOLOMON ISLANDS",37.9732121,-122.4860774
749,Glentana Western Cape Province SOUTH AFRICA,37.9732121,-122.4860774
750,"Terramar Beach, Carlsbad, San Diego County California USA",37.9732121,-122.4860774
751,Alkantstrand  KwaZulu-Natal SOUTH AFRICA,37.9732121,-122.4860774
752,"Ponce, Volusia County Florida USA",29.1029784,-80.9633912
753,Kawa'a  Hawaii USA,29.1029784,-80.9633912
754,"Curlew Island, Breton Sound Louisiana USA",29.1029784,-80.9633912
755,Spanish Cay Abaco Islands BAHAMAS,26.9089486,-77.5602557
756,Likoni Channel Mombasa KENYA,-4.097034,39.6334876
757,South Padre Island Texas USA,26.1127217,-97.2030206
758,Sant Salvador Catalunya SPAIN,41.1850727,1.5368574
759,"Intracoastal Waterway,      St. Petersburg Florida USA",41.1850727,1.5368574
760,"Jogensfontein, Stilbaai Western Cape Province SOUTH AFRICA",41.1850727,1.5368574
761,"Biscayne National Park, Miami Florida USA",41.1850727,1.5368574
762,"Shell Beach, San Luis Obispo County California USA",41.1850727,1.5368574
763,Habili Gafar St. Johns Reef EGYPT,41.1850727,1.5368574
764,Onboard the fishing vessel Chin Sheng Fa 13   Off Green Island TAIWAN,41.1850727,1.5368574
765,"Clearwater Beach, Pinellas County Florida USA",41.1850727,1.5368574
766,Ritidian Point North Region GUAM,41.1850727,1.5368574
767,Mabini Batangas province PHILIPPINES,41.1850727,1.5368574
768,"Carlin Park, Jupiter Inlet Florida USA",41.1850727,1.5368574
769,"Walton Rocks, St Lucie County Florida USA",41.1850727,1.5368574
770,Kona Hawaii USA,19.6643179,-156.025568
771,Fingal Bay New South Wales AUSTRALIA,-32.7499964,152.1330013
772,Umtentweni KwaZulu-Natal SOUTH AFRICA,-30.7183308,30.4451574
773,San Diego County California USA,33.0156777,-117.4064936
774,2-3 km north of Sunday's River mouth Eastern Cape Province SOUTH AFRICA,33.0156777,-117.4064936
775,Blue Bay New South Wales AUSTRALIA,-33.354396,151.4964695
776,South Broulee New South Wales AUSTRALIA,-35.855849,150.1208094
777,Bateman's Bay New South Wales AUSTRALIA,-35.7083022,150.0969111
778,Pulau Payar Island Strait of Malacca MALAYSIA,6.0499998,100.0245785
779,Alenuihaha Channel Hawaii USA,20.6333327,-156.0504215
780,"The Natural Jetty, Rottnest Island Western Australia AUSTRALIA",-32.0216052,115.5533338
781,Bourail South Province NEW CALEDONIA,-21.5626667,165.474014
782,Off Cape Point Western Cape Province SOUTH AFRICA,-21.5626667,165.474014
783,Taranaki North Island NEW ZEALAND,-39.282668,173.8148779
784,Avalon New South Wales AUSTRALIA,-33.6287196,151.3101907
785,Batt Reef Queensland AUSTRALIA,-33.6287196,151.3101907
786,"Bondi Beach, Sydney New South Wales AUSTRALIA",-33.6287196,151.3101907
787,"Garden Point, Woolloomooloo Sydney Harbour New South Wales AUSTRALIA",-33.6287196,151.3101907
788,Quebradillas Puerto Rico USA,-33.6287196,151.3101907
789,Cellito Beach New South Wales AUSTRALIA,-33.6287196,151.3101907
790,Sandon New South Wales AUSTRALIA,-33.6287196,151.3101907
791,Guantanamo Bay Guantanamo Province CUBA,-33.6287196,151.3101907
792,Alderman Islands North Island NEW ZEALAND,-33.6287196,151.3101907
793,"Surf Beach, Batemans Bay New South Wales AUSTRALIA",-33.6287196,151.3101907
794,Olho d'Água  Maranhão BRAZIL,-33.6287196,151.3101907
795,Off Tower Hill Victoria AUSTRALIA,-33.6287196,151.3101907
796,Karitane Beach South Island NEW ZEALAND,-33.6287196,151.3101907
797,"Shark Alley, off Gansbaai Western Cape Province SOUTH AFRICA",-33.6287196,151.3101907
798,"Windang,       Lake Illawara New South Wales AUSTRALIA",-33.6287196,151.3101907
799,Binalong Bay Tasmania AUSTRALIA,-33.6287196,151.3101907
800,Fingal Beach New South Wales AUSTRALIA,-33.6287196,151.3101907
801,Hawkes Bay North Island NEW ZEALAND,-33.6287196,151.3101907
802,Isla Isabella Galapagos Islands ECUADOR,-33.6287196,151.3101907
803,Haumoana  North Island NEW ZEALAND,-33.6287196,151.3101907
804,Guantanamo Guantanamo Province CUBA,-33.6287196,151.3101907
805,Port Kennedy Beach Western Australia AUSTRALIA,-33.6287196,151.3101907
806,near Schouten Island Tasmania AUSTRALIA,-33.6287196,151.3101907
807,Seal Rocks New South Wales AUSTRALIA,-33.6287196,151.3101907
808,"Long Reef, north of Sydney New South Wales AUSTRALIA",-33.6287196,151.3101907
809,"Dillon Beach, Marin County California USA",-33.6287196,151.3101907
810,Maraetai North Island NEW ZEALAND,-33.6287196,151.3101907
811,Plettenberg Bay Western Cape Province SOUTH AFRICA,-33.6287196,151.3101907
812,Chidenguele Inhambane Province MOZAMBIQUE,-33.6287196,151.3101907
813,Elphinstone Reef Red Sea EGYPT,-33.6287196,151.3101907
814,Luzon Strait Batanes Provine PHILIPPINES,-33.6287196,151.3101907
815,Santa Cruz Galapagos Islands ECUADOR,-33.6287196,151.3101907
816,North Haven South Australia AUSTRALIA,-33.6287196,151.3101907
817,"off Paoay, Ilocos Norte Province Luzon PHILIPPINES",-33.6287196,151.3101907
818,"Oceanworld, Manley New South Wales AUSTRALIA",-33.6287196,151.3101907
819,Darwin Northern Territory AUSTRALIA,-33.6287196,151.3101907
820,"Santa Rosa Beach, Walton County Florida USA",-33.6287196,151.3101907
821,"Smokvina Bay, Vis Island  Split-Dalmatia Count, CROATIA",-33.6287196,151.3101907
822,Bethune Beach Florida USA,-33.6287196,151.3101907
823,Near Croker Island Northern Territory AUSTRALIA,-33.6287196,151.3101907
824,"Ormond-by-the-Sea, Volusia County Florida USA",-33.6287196,151.3101907
825,"Ka'a'awa, Oahu Hawaii USA",-33.6287196,151.3101907
826,"Clarks Beach, Byron Bay New South Wales AUSTRALIA",-33.6287196,151.3101907
827,"Ponce Inlet, New Smyrna Beach, Volusia County Florida USA",-33.6287196,151.3101907
828,Hutchinson Island Florida USA,-33.6287196,151.3101907
829,"McKenzie Beach Park in Pahoa, Hawai'i  Hawaii USA",-33.6287196,151.3101907
830,Lundy Island North Devon ENGLAND,-33.6287196,151.3101907
831,"Surf City, Topsail Island, Pender County North Carolina USA",-33.6287196,151.3101907
832,Buck Island US Virgin Islands USA,-33.6287196,151.3101907
833,"Ala Moana Beach Park, Oah'u Hawaii USA",-33.6287196,151.3101907
834,Levys Beach Victoria AUSTRALIA,-33.6287196,151.3101907
835,Playa Teta San Carlos PANAMA,-33.6287196,151.3101907
836,"Honokowai, Maui Hawaii USA",-33.6287196,151.3101907
837,"Lahilahi Point, Oahu Hawaii USA",-33.6287196,151.3101907
838,"Carolina Beach, New Hanover County North Carolina USA",-33.6287196,151.3101907
839,"Emerald Isle, Carteret County North Carolina USA",-33.6287196,151.3101907
840,"Litchfield Beach, Georgetown County South Carolina USA",-33.6287196,151.3101907
841,"Rock-a-Nore, Hastings Sussex UNITED KINGDOM",-33.6287196,151.3101907
842,"Kamilo Point, Hawai'i Hawaii USA",-33.6287196,151.3101907
843,Mossel Bay Western Cape Province SOUTH AFRICA,-33.6287196,151.3101907
844,Struis Bay Western Cape Province SOUTH AFRICA,-33.6287196,151.3101907
845,Guarajuba Bahia BRAZIL,-33.6287196,151.3101907
846,"West Cove, Catalina Island California USA",-33.6287196,151.3101907
847,"Fernandina Beach, Nassau County Florida USA",-33.6287196,151.3101907
848,"Punta Del Chifre, Olinda Pernambuco BRAZIL",-33.6287196,151.3101907
849,Balintore Bay Easter Ross SCOTLAND,-33.6287196,151.3101907
850,Cherry Grove South Carolina USA,-33.6287196,151.2926813
851,"Hammocks Beach State Park, Bear Island, Onslow County North Carolina USA",34.6318289,-77.1575944
852,Off West End Grand Bahama Island BAHAMAS,34.6318289,-77.1575944
853,Playa Linda Guerro MEXICO,17.6652643,-101.5934246
854,Pantla Beach Guerro MEXICO,17.7387613,-101.6367222
855,Turtle Island Yasawa Islands FIJI,-16.9621684,177.3655745
856,Albany Western Australia AUSTRALIA,-16.9621684,177.3655745
857,Hienghène North Province NEW CALEDONIA,-16.9621684,177.3655745
858,Troncones Beach Guerro MEXICO,-16.9621684,177.3655745
859,Poindimié North Province NEW CALEDONIA,-16.9621684,177.3655745
860,"Solana Beach, San Diego County California USA",-16.9621684,177.3655745
861,"Delfines Beach, Cancun Quintana Roo MEXICO",-16.9621684,177.3655745
862,"Duranbah, Greenmount Beach Queensland AUSTRALIA",-16.9621684,177.3655745
863,"Playalinda Beach, Canaveral National Seashore, Brevard County Florida USA",-16.9621684,177.3655745
864,"Palm Beach Shores, Palm Beach County Florida USA",-16.9621684,177.3655745
865,"1.4 miles south of Ponce de Leon Jetty, New Smyrna Beach, Volusia County Florida USA",-16.9621684,177.3655745
866,"South of Ponce de Leon Jetty, New Smyrna Beach, Volusia County Florida USA",-16.9621684,177.3655745
867,Scottburgh KwaZulu-Natal SOUTH AFRICA,-16.9621684,177.3655745
868,"New Smyrna Beach / Ponce Inlet, Volusia County Florida USA",-16.9621684,177.3655745
869,"Near Cocoa Beach, Brevard  County Florida USA",-16.9621684,177.3655745
870,"Beachway Avenue Approach, New Smyrna Beach, Volusia County Florida USA",-16.9621684,177.3655745
871,"Lovers Key State Park, Bonita Springs, Lee County Florida USA",-16.9621684,177.3655745
872,"Huntington Beach, Orange County California USA",-16.9621684,177.3655745
873,"Dive site known as ""The End of the Map"" Northern Bahamas BAHAMAS",-16.9621684,177.3655745
874,Tahiti Society Islands FRENCH POLYNESIA,-16.9621684,177.3655745
875,Horseshoe Bay New South Wales AUSTRALIA,-16.9621684,177.3655745
876,"Opposite Patrick Air Force Base, Brevard County Florida USA",-16.9621684,177.3655745
877,"Suncoast Pirates Beach, Durban KwaZulu-Natal SOUTH AFRICA",-16.9621684,177.3655745
878,200 km east of Coolangatta   Queensland AUSTRALIA,-16.9621684,177.3655745
879,Marfells Beach South Island NEW ZEALAND,-16.9621684,177.3655745
880,Omaha Beach North Island NEW ZEALAND,-16.9621684,177.3655745
881,"Off Fort Pierce, St. Lucie County Florida USA",-16.9621684,177.3655745
882,Playas de Tijuana Baja California MEXICO,-16.9621684,177.3655745
883,San Cristobal Island Galapagos Islands ECUADOR,-16.9621684,177.3655745
884,Jimmy's Beach New South Wales AUSTRALIA,-16.9621684,177.3655745
885,South Stradbroke Island Queensland AUSTRALIA,-16.9621684,177.3655745
886,Bondi  New South Wales AUSTRALIA,-16.9621684,177.3655745
887,"Waialua Bay, O'ahu Hawaii USA",-16.9621684,177.3655745
888,Kaikoura South Island NEW ZEALAND,-16.9621684,177.3655745
889,Itamaracá Pernambuco BRAZIL,-16.9621684,177.3655745
890,In a tidal creek    5 km from Wickham Western Australia AUSTRALIA,-16.9621684,177.3655745
891,The Strand Western Cape Province SOUTH AFRICA,-16.9621684,177.3655745
892,"Round Island Park, Indian River County Florida USA",-16.9621684,177.3655745
893,Bonza Bay Eastern Cape Province SOUTH AFRICA,-16.9621684,177.3655745
894,"Wailea, Maui Hawaii USA",-16.9621684,177.3655745
895,Byron Bay New South Wales AUSTRALIA,-16.9621684,177.3655745
896,Holmes Reef Queensland AUSTRALIA,-16.9621684,177.3655745
897,"Venice Pier, Venice, Los Angeles County California USA",-16.9621684,177.3655745
898,"Santa Monica, Los Angeles County California USA",-16.9621684,177.3655745
899,Off Cagayancillo Palawan PHILIPPINES,-16.9621684,177.3655745
900,"Bay of Luengoni, Lifou Island Loyalty Islands NEW CALEDONIA",-16.9621684,177.3655745
901,Sweetings Cay Grand Bahama Island BAHAMAS,-16.9621684,177.3655745
902,"Moonstone Beach, Humboldt County California USA",-16.9621684,177.3655745
903,Daedalus Reef  Red Sea EGYPT,-16.9621684,177.3655745
904,Jupiter Inlet Florida USA,-16.9621684,177.3655745
905,Huguenot Park Florida USA,-16.9621684,177.3655745
906,Kicha Island Marovo Lagoon SOLOMON ISLANDS,-16.9621684,177.3655745
907,"Fort Lauderdale, Broward County Florida USA",-16.9621684,177.3655745
908,North Carolina Aquarium at Fort Fisher North Carolina USA,-16.9621684,177.3655745
909,"Indian River Inlet, Rehoboth Beach Delaware USA",-16.9621684,177.3655745
910,"Islamorada Founder's Park, Plantation Key, Monroe County Florida USA",-16.9621684,177.3655745
911,"Lakewood Campground, Grand Strand, Horry County South Carolina USA",-16.9621684,177.3655745
912,Sarasota Bay Florida USA,-16.9621684,177.3655745
913,"Ponce Inlet,  New Smyrna Beach, Volusia County Florida USA",-16.9621684,177.3655745
914,"Islamorada, Monroe County Florida USA",-16.9621684,177.3655745
915,"Imperial Beach, San Diego County California USA",-16.9621684,177.3655745
916,"Malibu, Los Angeles County California USA",-16.9621684,177.3655745
917,"Bean Hollow State Beach, San Mateo County California USA",-16.9621684,177.3655745
918,"Bellows Beach near Wailea Point, O’ahu Hawaii USA",-16.9621684,177.3655745
919,Direction Island Territory of Cocos (Keeling) Islands AUSTRALIA,-16.9621684,177.3655745
920,"North Topsail Beach, Onslow  County North Carolina USA",-16.9621684,177.3655745
921,Sjøstrand Oslo Fjord NORWAY,-16.9621684,177.3655745
922,"Faria Beach, Ventura County California USA",-16.9621684,177.3655745
923,"Atlantic Beach, Carteret County North Carolina USA",-16.9621684,177.3655745
924,Allan-Pensacola Cay Abaco Islands BAHAMAS,-16.9621684,177.3655745
925,Marques Island Florida USA,-16.9621684,177.3655745
926,"Will Rogers State Beach, Los Angeles County California USA",-16.9621684,177.3655745
927,"Silva's Channel, Mokuleia, O'ahu Hawaii USA",-16.9621684,177.3655745
928,"Turtle Beach, Siesta Key, Sarasota County Florida USA",-16.9621684,177.3655745
929,"Shelly Beach, Crescent Head New South Wales AUSTRALIA",-16.9621684,177.3655745
930,Garden City South Carolina USA,-16.9621684,177.3655745
931,"Virginia Aquarium & Marine Science Center, Virginia Beach  Virginia USA",-16.9621684,177.3655745
932,Folkestone Kent ENGLAND,-16.9621684,177.3655745
933,"Warra Beach, Coral Bay Western Australia AUSTRALIA",-16.9621684,177.3655745
934,Warrnambool Victoria AUSTRALIA,-16.9621684,177.3655745
935,Kingscliff Beach New South Wales AUSTRALIA,-16.9621684,177.3655745
936,"Keawakapu Beach, Maui Hawaii USA",-16.9621684,177.3655745
937,Naples Florida USA,-16.9621684,177.3655745
938,"Mornington Island, Gulf of Carpentaria Queensland AUSTRALIA",-16.9621684,177.3655745
939,"Hutchinson Island, St. Lucie County Florida USA",-16.9621684,177.3655745
940,Dumbéa South Province NEW CALEDONIA,-16.9621684,177.3655745
941,"Normandy Beach, Hutchinson Island,  St. Lucie County Florida USA",-16.9621684,177.3655745
942,"Waveland Beach, Hutchinson Island, St. Lucie County Florida USA",-16.9621684,177.3655745
943,Ras-Alkalb Muhafazat Hadramawt YEMEN,-16.9621684,177.3655745
944,South Golden Beach New South Wales AUSTRALIA,-16.9621684,177.3655745
945,"Moore Park, north of Bundaberg Queensland AUSTRALIA",-16.9621684,177.3655745
946,"Tiger Shores Beach, Martin County Florida USA",-16.9621684,177.3655745
947,Penhryn Island Cook islans NEW ZEALAND,-16.9621684,177.3655745
948,Ouvéa Loyalty Islands NEW CALEDONIA,-16.9621684,177.3655745
949,Kaala-Gomen  North Province NEW CALEDONIA,-16.9621684,177.3655745
950,100 miles off Ft. Myers Beach Florida USA,-16.9621684,177.3655745
951,Cape Howe New South Wales AUSTRALIA,-16.9621684,177.3655745
952,Brunswick Heads New South Wales AUSTRALIA,-16.9621684,177.3655745
953,Sandbar Beach New South Wales AUSTRALIA,-16.9621684,177.3655745
954,"Smith Point, Long Island New York USA",-16.9621684,177.3655745
955,"Majors Bay, Kaua'i Hawaii USA",-16.9621684,177.3655745
